Dragon Village,,,
DVEntry,336,on the ground,True_()
DVEntry,300,dark shards,"HasAny('Double Jump', 'Charge')"
DVEntry,100,metal chests,"HasAny('Double Jump', 'Charge', 'Electric Breath')"
DVEntry,175,baskets,"HasAny('Double Jump', 'Charge', 'Fire Breath', 'Electric Breath', 'Water Breath', 'Ice Breath')"
DVEntry,150,baskets behind chargeable wall near elder,Has('Charge')
DVEntry,500,armored chest via firework across bridge,"HasAll('Double Jump', 'Fire Breath')"
DVByrdLower,150,baskets,True_()
DVByrdLower,100,metal chests,True_()
DVByrdLower,20,armored huge gnorc,"And(Has('Charge'), HasAny('Fire Breath', 'Electric Breath', 'Ice Breath'))"
DVByrdLower,36,on the ground,True_()
DVByrdLower,50,dark shards,True_()
DVByrdLower,60,headbash chest + rock,True_()
DVByrdLower,755,Byrd minigames,True_()
DVByrdUpper,500,armored chest via firework,Has('Fire Breath')
DVLabSecret,250,baskets,True_()
DVLabSecret,60,headbash chest + rock,True_()
DVLabSecret,40,archer gnorcs,True_()
DVLabSecret,25,metal chests,True_()
DVTunnelToCroc,10,on the ground,True_()
DVTunnelToCroc,175,baskets,True_()
DVTunnelToCroc,30,headbash chest,True_()
DVHunterPreGlide,31,on the ground,True_()
DVHunterPreGlide,150,baskets,True_()
DVHunterPreGlide,75,metal chests,True_()
DVHunterPreGlide,30,headbash chest,True_()
DVHunterPreGlide,20,unarmored huge gnorc,"Or(HasAny('Fire Breath', 'Electric Breath'), HasAll('Ice Breath', 'Charge'))"
DVHunterPreGlide,500,armored chest via firework,"HasAll('Glide', 'Fire Breath')"
DVHunterPostGlide,40,unarmored huge gnorc,"Or(HasAny('Fire Breath', 'Electric Breath'), HasAll('Ice Breath', 'Charge'))"
DVHunterPostGlide,175,metal chests,True_()
DVHunterPostGlide,175,baskets,True_()
DVHunterPostGlide,20,unarmored middle gnorc,"HasAny('Fire Breath', 'Electric Breath', 'Charge')"
DVHunterPostGlide,90,headbash chest + rock,True_()
DVHunterPostGlide,11,on the ground,True_()
DVHunterPostGlide,20,armored huge gnorc,"And(Has('Charge'), HasAny('Fire Breath', 'Electric Breath', 'Ice Breath'))"
DVOutsideBallGadget,500,armored chest via firework,Has('Fire Breath')
DVOutsideBallGadget,40,armored huge gnorcs,"And(Has('Charge'), HasAny('Fire Breath', 'Electric Breath', 'Ice Breath'))"
DVOutsideBallGadget,75,metal chests,"HasAny('Double Jump', 'Charge', 'Electric Breath')"
DVOutsideBallGadget,24,on the ground,True_()
Crocovile Swamp,,,
CSPyramidAndTemple,50,dark shards,"HasAny('Double Jump', 'Charge')"
CSPyramidAndTemple,175,baskets,"HasAny('Double Jump', 'Charge', 'Fire Breath', 'Electric Breath', 'Water Breath', 'Ice Breath')"
CSPyramidAndTemple,33,on the ground,True_()
CSPyramidAndTemple,125,metal chests,"HasAny('Double Jump', 'Charge', 'Electric Breath')"
CSPyramidAndTemple,145,normal crocoviles,"HasAny('Fire Breath', 'Electric Breath', 'Charge')"
CSPyramidAndTemple,40,boomerang crocoviles,"HasAny('Fire Breath', 'Electric Breath', 'Charge')"
CSPyramidAndTemple,75,critters,"HasAny('Fire Breath', 'Electric Breath', 'Charge')"
CSPyramidAndTemple,30,headbash chest,Has('Double Jump')
CSPyramidAndTemple,60,red plants,"Or(HasAny('Fire Breath', 'Electric Breath'), HasAll('Ice Breath', 'Charge'))"
CSPyramidAndTemple,31,yellow plants,"Or(HasAny('Fire Breath', 'Electric Breath'), HasAll('Ice Breath', 'Charge'))"
CSPyramidAndTemple,75,baskets behind chargeable wall with switch,Has('Charge')
CSPyramidAndTemple,75,normal crocoviles on pyramid,Has('Double Jump')
CSPyramidAndTemple,1000,armored chests on pyramid vs cannon,"HasAll('Double Jump', 'Glide')"
CSPyramidAndTemple,2500,armored chests via supercharge,SuperchargeGadget()
CSPyramidAndTemple,50,metal chests behind Perilous Pyramid supercharge door,SuperchargeGadget()
CSWest,125,on the ground,True_()
CSWest,15,red plant,"Or(HasAny('Fire Breath', 'Electric Breath'), HasAll('Ice Breath', 'Charge'))"
CSWest,15,yellow plan,"Or(HasAny('Fire Breath', 'Electric Breath'), HasAll('Ice Breath', 'Charge'))"
CSWest,50,baskets,True_()
CSWest,500,armored chest via firework,Has('Fire Breath')
CSWest,30,headbash chest,True_()
CSInsideTemple,25,normal crocovile guarding switch,"HasAny('Fire Breath', 'Electric Breath', 'Charge')"
CSInsideTemple,50,metal chests behind guarded gate,"HasAny('Fire Breath', 'Electric Breath', 'Charge')"
CSInsideTemple,30,headbash chest behind guarded gate,"HasAny('Fire Breath', 'Electric Breath', 'Charge')"
CSInsideTemple,25,normal crocovile in cave,"HasAny('Fire Breath', 'Electric Breath', 'Charge')"
CSInsideTemple,40,unarmored huge gnorcs in cave,"Or(HasAny('Fire Breath', 'Electric Breath'), HasAll('Ice Breath', 'Charge'))"
CSInsideTempleElectric,75,baskets,True_()
CSInsideTempleElectric,100,metal chests,True_()
CSInsideTempleElectric,50,normal crocoviles,True_()
CSInsideTempleElectric,20,boomerang crocoviles,True_()
CSEast,20,boomerang crocoviles,"HasAny('Fire Breath', 'Electric Breath', 'Charge')"
CSEast,50,metal chests,"HasAny('Double Jump', 'Charge', 'Electric Breath')"
CSEast,80,baskets and headbash chest on muddy platform,"HasAll('Double Jump', 'Glide')"
CSEast,25,normal crocovile above pole spin,"And(HasAny('Fire Breath', 'Electric Breath', 'Charge'), Has('Pole Spin'))"
CSEastPoles,50,normal crocoviles,"HasAny('Fire Breath', 'Electric Breath', 'Charge')"
CSEastPoles,25,metal chest,True_()
CSTree,25,normal crocovile past sinking platforms,"And(HasAny('Fire Breath', 'Electric Breath', 'Charge'), Has('Double Jump'))"
CSTree,15,red plant past sinking platforms,"And(Has('Double Jump'), Or(HasAny('Fire Breath', 'Electric Breath'), HasAll('Ice Breath', 'Charge')))"
CSTree,25,metal chest behind chargeable stump,Has('Charge')
CSTree,50,baskets in stump,"HasAny('Double Jump', 'Charge', 'Fire Breath', 'Electric Breath', 'Water Breath', 'Ice Breath')"
CSTree,25,normal crocovile above poles outside tree,"And(Has('Pole Spin'), HasAny('Fire Breath', 'Electric Breath', 'Charge'))"
CSTree,25,metal chest above poles outside tree,"And(Has('Pole Spin'), HasAny('Double Jump', 'Charge', 'Electric Breath'))"
CSTree,30,headbash chest above poles outside tree,"HasAll('Pole Spin', 'Double Jump')"
CSTree,75,spider web baskets above Blink's poles,"HasAll('Fire Breath', 'Pole Spin')"
CSTree,500,armored chest via firework in tree,"HasAll('Double Jump', 'Pole Spin', 'Fire Breath')"
CSTree,1806,Blink minigames,True_()
CSAboveElder,75,metal chests,True_()
CSAboveElder,500,armored chest via firework at top of tree,Has('Fire Breath')
CSAboveElder,30,headbash chest,True_()
Dragonfly Falls,,,
DFBallGadget,896,on ball gadget path,True_()
DFEntry,25,normal crocovile by entry area,"HasAny('Fire Breath', 'Electric Breath', 'Charge')"
DFSteepCanyon,25,normal crocovile by chest above entry,"And(Has('Glide'), HasAny('Fire Breath', 'Electric Breath', 'Charge'))"
DFSteepCanyon,250,baskets,"HasAny('Double Jump', 'Charge', 'Fire Breath', 'Electric Breath', 'Water Breath', 'Ice Breath')"
DFSteepCanyon,125,metal chests,"HasAny('Double Jump', 'Charge', 'Electric Breath')"
DFSteepCanyon,250,dark shards behind chargeable wall,Has('Charge')
DFSteepCanyon,90,headbash chests,Has('Double Jump')
DFSteepCanyon,75,rams,"HasAny('Fire Breath', 'Electric Breath')"
DFSteepCanyon,25,shepherd,"HasAny('Fire Breach', 'Electric Breath', 'Charge')"
DFSteepCanyon,414,on the ground behind chargeable walls,Has('Charge')
DFSteepCanyon,150,metal chests behind chargeable walls,Has('Charge')
DFSteepCanyon,60,headbash chests behind chargeable walls,"HasAll('Charge', 'Double Jump')"
DFSteepCanyon,250,baskets behind chargeable walls,Has('Charge')
DFSteepCanyon,75,normal crocoviles,"HasAny('Fire Breath', 'Electric Breath', 'Charge')"
DFSteepCanyon,25,normal crocovile by cannon,"And(HasAll('Double Jump', 'Glide'), HasAny('Fire Breath', 'Electric Breath', 'Charge'))"
DFSteepCanyon,169,on the ground,True_()
DFSteepCanyon,15,red plant,"Or(HasAny('Fire Breath', 'Electric Breath'), HasAll('Ice Breath', 'Charge'))"
DFSteepCanyon,20,armored huge gnorc in second canyon area,"And(HasAll('Double Jump', 'Charge'), HasAny('Fire Breath', 'Electric Breath', 'Ice Breath'))"
DFSteepCanyon,50,metal chests in second canyon area,Has('Double Jump')
DFSteepCanyon,30,headbash chest in second canyon area,Has('Double Jump')
DFSteepCanyon,100,baskets in second canyon area,Has('Double Jump')
DFSteepCanyon,20,unarmored huge gnorc in second canyon area,"And(Has('Double Jump'), Or(HasAny('Fire Breath', 'Electric Breath'), HasAll('Ice Breath', 'Charge')))"
DFAfterVultures,19,on the ground,True_()
DFAfterVultures,25,normal crocovile,"HasAny('Fire Breath', 'Electric Breath', 'Charge')"
DFElderStatue,175,baskets,True_()
DFElderStatue,25,metal chests,True_()
DFElderStatue,75,normal crocoviles,"HasAny('Fire Breath', 'Electric Breath', 'Charge')"
DFElderStatue,20,boomerang crocoviles,"HasAny('Fire Breath', 'Electric Breath', 'Charge')"
DFElderStatue,20,unarmored huge gnorc,"Or(HasAny('Fire Breath', 'Electric Breath'), HasAll('Ice Breath', 'Charge'))"
DFElderStatue,23,on the ground,True_()
DFElderStatue,1523,Sparx minigames,True_()
DFCoveAboveShop,20,armored huge gnorc,"And(Has('Charge'), HasAny('Fire Breath', 'Electric Breath', 'Ice Breath'))"
DFCoveAboveShop,125,baskets,"HasAny('Double Jump', 'Charge', 'Fire Breath', 'Electric Breath', 'Water Breath', 'Ice Breath')"
DFCoveAboveShop,25,metal chest behind chargeable wall,Has('Charge')
DFCoveShop,25,normal crocovile,"HasAny('Fire Breath', 'Electric Breath', 'Charge')"
DFCove,225,baskets,True_()
DFCove,75,normal crocoviles,"HasAny('Fire Breath', 'Electric Breath', 'Charge')"
DFCove,60,armored huge gnorcs,"And(Has('Charge'), HasAny('Fire Breath', 'Electric Breath', 'Ice Breath'))"
DFCove,75,metal chests,True_()
DFCove,30,headbash chest,True_()
DFCove,100,underwater vases near piranhas,"HasAll('Swim', 'Charge')"
DFCove,12,on the ground as Hunter walks to his cave,True_()
DFHunter,414,Hunter on the ground,True_()
DFHunter,350,Hunter baskets,True_()
DFHunter,55,Hunter headbash chest,True_()
DFHunter,175,Hunter metal chests,True_()
DFHunter,75,Hunter archer gnorcs,True_()
DFHunter,200,Hunter unarmored huge gnorcs,True_()
DFHunter,118,Hunter on ground using exploding arrows,True_()
DFHunter,50,Hunter metal chests using exploding arrows,True_()
DFLGDoorEntry,6,on the ground by upper entrance,"HasAll('Double Jump', 'Glide')"
DFLGDoorEntry,20,unarmored huge gnorc at lowest level,"Or(HasAny('Fire Breath', 'Electric Breath'), HasAll('Ice Breath', 'Charge'))"
DFLGDoorEntry,50,baskets at lowest level,"HasAny('Double Jump', 'Charge', 'Fire Breath', 'Electric Breath', 'Water Breath', 'Ice Breath')"
DFLGDoorEntry,20,armored huge gnorc at lowest level,"And(Has('Charge'), HasAny('Fire Breath', 'Electric Breath', 'Ice Breath'))"
DFLGDoorEntry,75,baskets at middle level,Has('Double Jump')
DFLGDoorEntry,20,armored huge gnorc at middle level,"And(HasAll('Charge', 'Double Jump'), HasAny('Fire Breath', 'Electric Breath', 'Ice Breath'))"
DFLGDoorEntry,40,unarmored huge gnorcs at middle level,"And(Has('Double Jump'), Or(HasAny('Fire Breath', 'Electric Breath'), HasAll('Ice Breath', 'Charge')))"
DFLGDoorEntry,25,metal chest at middle level,Has('Double Jump')
DFLGDoorShop,33,on the ground,True_()
DFLGDoorShop,25,metal chest,"HasAny('Double Jump', 'Charge', 'Electric Breath')"
DFLGDoorShop,75,baskets above DJ ledges,Has('Double Jump')
DFLGDoorShop,75,blue monkeys,"HasAny('Fire Breath', 'Electric Breath', 'Charge')"
DFLGDoorShop,107,on the ground behind chargeable wall,Has('Charge')
DFLGDoorShop,50,metal chests behind chargeable wall,Has('Charge')
DFLGDoorShop,30,headbash chest behind chargeable wall,"HasAll('Charge', 'Double Jump')"
Coastal Remains,,,
CREntry,668,on the ground,True_()
CREntry,600,baskets,"HasAny('Double Jump', 'Charge', 'Fire Breath', 'Electric Breath', 'Water Breath', 'Ice Breath')"
CREntry,175,metal chests,"HasAny('Double Jump', 'Charge', 'Electric Breath')"
CREntry,195,headbash chests,Has('Double Jump')
CREntry,275,orange crabs,"HasAny('Fire Breath', 'Electric Breath', 'Charge')"
CREntry,125,blue crabs,"Or(Has('Electric Breath'), And(Has('Charge'), HasAny('Ice Breath', 'Double Jump')))"
CREntry,100,tiki men,"HasAny('Fire Breath', 'Electric Breath', 'Charge')"
CREntry,100,underwater vases in southern beach,"HasAll('Swim', 'Charge')"
CREntry,20,unarmored huge gnorc,"Or(HasAny('Fire Breath', 'Electric Breath'), HasAll('Ice Breath', 'Charge'))"
CREntry,40,armored huge gnorc,"And(Has('Charge'), HasAny('Fire Breath', 'Electric Breath', 'Ice Breath'))"
CRLGDoor,244,on the ground,True_()
CRLGDoor,50,baskets,"HasAny('Double Jump', 'Charge', 'Fire Breath', 'Electric Breath', 'Water Breath', 'Ice Breath')"
CRLGDoor,125,metal chests,"HasAny('Double Jump', 'Charge', 'Electric Breath')"
CRLGDoor,50,headbash chests,Has('Double Jump')
CRLGDoor,20,archer gnorcs,"HasAny('Fire Breath', 'Electric Breath', 'Charge')"
CRLGDoor,40,archer gnorcs up high,"And(Has('Double Jump'), HasAny('Fire Breath', 'Electric Breath', 'Charge'))"
CRLGDoor,20,armored huge gnorc up high,"And(HasAll('Charge', 'Double Jump'), HasAny('Fire Breath', 'Electric Breath', 'Ice Breath'))"
CRLGDoor,20,armored huge gnorc,"And(Has('Charge'), HasAny('Fire Breath', 'Electric Breath', 'Ice Breath'))"
CRLGDoor,20,unarmored middle gnorc,"HasAny('Fire Breath', 'Electric Breath', 'Charge')"
CRLGDoor,100,baskets up high,Has('Double Jump')
CRLGDoor,25,headbash chest up high,Has('Double Jump')
CRPiranhas,125,baskets,True_()
CRPiranhas,30,headbash chest,True_()
CRPiranhas,100,tiki men,"HasAny('Fire Breath', 'Electric Breath', 'Charge')"
CRPiranhas,50,blue crabs,"Or(Has('Electric Breath'), HasAll('Charge', 'Ice Breath'))"
CRPiranhas,50,baskets in the back,True_()
CRPiranhas,48,on the ground in the back,True_()
CRPiranhas,25,tiki man on side path,"HasAny('Fire Breath', 'Electric Breath', 'Charge')"
CRPiranhas,25,basket on side path,True_()
CRPiranhas,25,headbash chest on side path,True_()
CRWateryTomb,100,orange crabs,"HasAny('Fire Breath', 'Electric Breath', 'Charge')"
CRCannon,20,unarmored huge gnorc by dark gem,"And(Has('Double Jump'), Or(HasAny('Fire Breath', 'Electric Breath'), HasAll('Ice Breath', 'Charge')))"
CRCannon,2000,armored chests by dark gem via cannon,"HasAll('Double Jump', 'Glide')"
CRCannon,1000,armored chests by dragon egg via cannon,"HasAll('Double Jump', 'Glide', 'Pole Spin')"
CRCannon,275,underwater vases and clams,"HasAll('Swim', 'Charge')"
CRCannon,50,baskets by dragon egg,"HasAll('Double Jump', 'Glide', 'Pole Spin')"
CRCannon,20,on the ground after using cannon on reinforced door,"HasAll('Double Jump', 'Glide')"
CRWindmills,200,on the ground,True_()
CRWindmills,50,metal chests,True_()
CRWindmills,275,headbash chest,True_()
CRWindmills,25,tiki men,"HasAny('Fire Breath', 'Electric Breath', 'Charge')"
CRCloudyElevator,20,armored huge gnorc by shop,"And(Has('Charge'), HasAny('Fire Breath', 'Electric Breath', 'Ice Breath'))"
CRCloudyElevator,50,baskets by shop,"HasAny('Double Jump', 'Charge', 'Fire Breath', 'Electric Breath', 'Water Breath', 'Ice Breath')"
CRCloudyElevator,20,armored huge gnorc after electric platform,"HasAll('Electric Breath', 'Charge')"
CRCloudyElevator,188,on the ground after electric platform,Has('Electric Breath')
CRCloudyElevator,100,baskets after electric platform,Has('Electric Breath')
CRCloudyElevator,30,headbash chest after electric platform,"HasAll('Electric Breath', 'Double Jump')"
CRCloudyElevator,75,blue crabs after electric platform,Has('Electric Breath')
CRCloudyElevator,100,metal chests after electric platform,Has('Electric Breath')
CROttoPool,175,orange crabs in pool,"And(HasAll('Double Jump', 'Pole Spin', 'Swim', 'Charge'), HasAny('Fire Breath', 'Electric Breath', 'Charge'))"
CROttoPool,75,metal chests in pool,"HasAll('Double Jump', 'Pole Spin', 'Swim', 'Charge')"
CROttoPool,40,unarmored middle gnorcs,"HasAny('Fire Breath', 'Electric Breath', 'Charge')"
CROttoPool,75,critters,"HasAny('Fire Breath', 'Electric Breath', 'Charge')"
CROttoPool,100,baskets,"HasAny('Double Jump', 'Charge', 'Fire Breath', 'Electric Breath', 'Water Breath', 'Ice Breath')"
CROttoPool,20,armored huge gnorc,"And(Has('Charge'), HasAny('Fire Breath', 'Electric Breath', 'Ice Breath'))"
CROttoPool,54,on the ground,True_()
CRWest,60,headbash chests once pool is filled,"HasAll('Double Jump', 'Pole Spin')"
CRWest,250,baskets,"HasAny('Double Jump', 'Charge', 'Fire Breath', 'Electric Breath', 'Water Breath', 'Ice Breath')"
CRWest,175,metal chests,"HasAny('Double Jump', 'Charge', 'Electric Breath')"
CRWest,20,archer gnorc heading to west beach,"HasAny('Fire Breath', 'Electric Breath', 'Charge')"
CRWest,268,on the ground heading to and at west beach,True_()
CRWest,100,tiki men,"HasAny('Fire Breath', 'Electric Breath', 'Charge')"
CRWest,55,headbash chests,Has('Double Jump')
CRWest,2165,Blink minigames,True_()
CRWest,416,on the ground past dark gem,Has('Double Jump')
CRWest,80,archer gnorcs past dark gem,"And(Has('Double Jump'), HasAny('Fire Breath', 'Electric Breath', 'Charge'))"
CRWest,175,baskets past dark gem,Has('Double Jump')
CRWest,50,metal chests past dark gem,Has('Double Jump')
CRWest,40,unarmored huge gnorcs past dark gem,"And(Has('Double Jump'), HasAny('Fire Breath', 'Electric Breath', 'Charge'))"
CRWest,50,headbash chests needing double jump,Has('Double Jump')
CRWest,20,armored huge gnorc,"And(Has('Charge'), HasAny('Fire Breath', 'Electric Breath', 'Ice Breath'))"
CRWest,275,underwater vases and clams at western beach,"HasAll('Swim', 'Charge')"
Cloudy Domain,,,
CDEntry,7,on the ground,True_()
CDEntry,20,unarmored huge gnorc,"Or(HasAny('Fire Breath', 'Electric Breath'), HasAll('Ice Breath', 'Charge'))"
CDEntry,50,baskets,"HasAny('Double Jump', 'Charge', 'Fire Breath', 'Electric Breath', 'Water Breath', 'Ice Breath')"
CDEntry,25,first balloon gnorc in southwest area,"HasAll('Charge', 'Double Jump', 'Wing Shield')"
CDCenter,40,unarmored huge gnorc,"Or(HasAny('Fire Breath', 'Electric Breath'), HasAll('Ice Breath', 'Charge'))"
CDCenter,75,flying middle gnorcs,"HasAny('Fire Breath', 'Electric Breath')"
CDCenter,100,dark shards,True_()
CDCenter,50,flying small gnorcs,"HasAny('Fire Breath', 'Electric Breath')"
CDCenter,30,headbash chest,True_()
CDCenter,50,metal chests,True_()
CDCenter,1500,armored chests via supercharge next to Elder's house,SuperchargeGadget()
CDOutsideElder,100,baskets,"HasAny('Double Jump', 'Charge', 'Fire Breath', 'Electric Breath', 'Water Breath', 'Ice Breath')"
CDOutsideElder,90,headbash purple things,Has('Double Jump')
CDOutsideElder,80,on the ground,True_()
CDOutsideElder,20,armored middle gnorc,Has('Charge')
CDOutsideElder,20,unarmored huge gnorc,"Or(HasAny('Fire Breath', 'Electric Breath'), HasAll('Ice Breath', 'Charge'))"
CDOutsideElder,75,metal chests behind supercharge door,SuperchargeGadget()
CDInsideElder,25,first balloon gnorc in tutorial,"HasAll('Double Jump', 'Wing Shield')"
CDNorthEast,75,flying small gnorcs,"HasAny('Fire Breath', 'Electric Breath')"
CDNorthEast,75,balloon gnorcs,True_()
CDNorthWest,50,flying middle gnorc,"HasAny('Fire Breath', 'Electric Breath')"
CDNorthWest,20,armored huge gnorc,"HasAny('Fire Breath', 'Electric Breath', 'Ice Breath')"
CDNorthWest,60,headbash chests,True_()
CDNorthWest,200,metal chests,True_()
CDNorthWest,50,flying small gnorcs,"HasAny('Fire Breath', 'Electric Breath')"
CDNorthWest,295,on the ground and in the air,True_()
CDNorthWest,200,baskets,True_()
CDNorthWest,20,unarmored huge gnorc,"HasAny('Fire Breath', 'Electric Breath', 'Ice Breath')"
CDNorthWest,500,armored chest via firework,Has('Fire Breath')
CDSouthWest,100,balloon gnorcs,True_()
CDSouthWest,100,flying small gnorcs,"HasAny('Fire Breath', 'Electric Breath')"
CDSouthWest,5,on the ground or temporary platforms,True_()
CDSouthWest,50,flying middle gnorc,"HasAny('Fire Breath', 'Electric Breath')"
CDSouthWest,50,baskets,True_()
CDSouthWest,30,headbash chest,True_()
CDEndlessPlatforms,150,in the air,True_()
CDEndlessPlatforms,75,flying small gnorcs,"HasAny('Fire Breath', 'Electric Breath')"
CDEndlessPlatforms,75,flying middle gnorcs,"HasAny('Fire Breath', 'Electric Breath')"
CDEndlessPlatforms,25,baskets,True_()
CDEndlessPlatforms,25,metal chests,True_()
CDEndlessPlatforms,30,headbash purple thing,True_()
CDEndlessPlatforms,50,dark shards,True_()
CDEndlessPlatforms,20,unarmored huge gnorc after glide,"And(Has('Glide'), Or(HasAny('Fire Breath', 'Electric Breath'), HasAll('Ice Breath', 'Charge')))"
CDEndlessPlatforms,50,flying small gnorcs after glide,"And(Has('Glide'), HasAny('Fire Breath', 'Electric Breath'))"
CDEndlessPlatforms,100,dark shards after glide,Has('Glide')
CDEndlessPlatforms,50,baskets after glide,Has('Glide')
CDEndlessPlatforms,75,metal chests after glide,Has('Glide')
CDTallestTowerUpper,400,Byrd minigames,True_()
CDTallestTowerUpper,20,unarmored huge gnorc,"Or(HasAny('Fire Breath', 'Electric Breath'), HasAll('Ice Breath', 'Charge'))"
CDTallestTowerUpper,180,in the air after Byrd,True_()
CDTallestTowerUpper,100,metal chests,"HasAny('Double Jump', 'Charge', 'Electric Breath')"
CDTallestTowerUpper,100,dark shards,"HasAny('Double Jump', 'Charge')"
CDTallestTowerUpper,30,headbash purple thing,Has('Double Jump')
CDTallestTowerUpper,50,flying small gnorcs,"HasAny('Fire Breath', 'Electric Breath')"
CDBallGadget,715,ball gadget 1,True_()
CDBallGadget,100,ball gadget 2,True_()
CDBallGadget,500,armored chest via firework after ball gadget minigames,Has('Fire Breath')
Sunken Ruins,,,
SREntry,100,dark shards,"HasAny('Double Jump', 'Charge')"
SREntry,75,critters,"HasAny('Fire Breath', 'Electric Breath', 'Charge')"
SREntry,50,mer-gnorc,"HasAny('Fire Breath', 'Electric Breath', 'Charge')"
SREntry,50,baskets,"HasAny('Double Jump', 'Charge', 'Fire Breath', 'Electric Breath', 'Water Breath', 'Ice Breath')"
SREntry,90,headbash chest,Has('Double Jump')
SRSwim1,15,underwater floating,True_()
SRSwim1,225,underwater vases and mer-gnorc and clams,"Has('Charge')"
SRSwim1,25,mer-gnorcs,"HasAny('Fire Breath', 'Electric Breath', 'Charge')"
SRSwim1,49,on the ground,True_()
SRSwim1,300,dark shards,"HasAny('Double Jump', 'Charge')"
SRSwim1,347,on the ground atop thermal,"HasAll('Double Jump', 'Glide')"
SRSwim1,125,metal chests,"HasAny('Double Jump', 'Charge', 'Electric Breath')"
SRSwim1,1500,armored chests via firework atop thermal,"HasAll('Double Jump', 'Glide', 'Fire Breath')"
SRSwim1,25,basket atop thermal,"HasAll('Double Jump', 'Glide')"
SRSwim1,25,headbash chest atop thermal,"HasAll('Double Jump', 'Glide')"
SRSwim1,75,basket,"HasAny('Double Jump', 'Charge', 'Fire Breath', 'Electric Breath', 'Water Breath', 'Ice Breath')"
SRSwim1,30,headbash chest,Has('Double Jump')
SRSwim2,76,underwater floating,True_()
SRSwim2,250,underwater vases and mer-gnorc,Has('Charge')
SRAfterSwim2,50,blue crabs,"Or(Has('Electric Breath'), And(Has('Charge'), HasAny('Ice Breath', 'Double Jump')))"
SRAfterSwim2,25,mer-gnorcs,"HasAny('Fire Breath', 'Electric Breath', 'Charge')"
SRAfterSwim2,125,dark shards,"HasAny('Double Jump', 'Charge')"
SRAfterSwim2,175,baskets,"HasAny('Double Jump', 'Charge', 'Fire Breath', 'Electric Breath', 'Water Breath', 'Ice Breath')"
SRAfterSwim2,42,on the ground,True_()
SRAfterSwim2,25,metal chest by light gem after acid swim,"And(InvincibilityGadget(), HasAll('Swim', 'Charge'))"
SRAfterSwim2,25,on ground by light gem after acid swim,"And(InvincibilityGadget(), HasAll('Swim', 'Charge'))"
SRDepthsEntry,55,on the ground,True_()
SRDepthsEntry,50,baskets,"HasAny('Double Jump', 'Charge', 'Fire Breath', 'Electric Breath', 'Water Breath', 'Ice Breath')"
SRDepthsEntry,100,metal chests,"HasAny('Double Jump', 'Charge', 'Electric Breath')"
SRDepthsEntry,30,headbash chest,Has('Double Jump')
SRDepthsEntry,150,dark shards,"HasAny('Double Jump', 'Charge')"
SRDepthsEntry,2148,Sparx minigames,True_()
SRDepthsUpper,50,mer-gnorcs,"And(Has('Double Jump'), HasAny('Fire Breath', 'Electric Breath', 'Charge'))"
SRDepthsUpper,1500,armored chests below via firework,Has('Fire Breath')
SRDepthsLower,300,dark shards,"HasAny('Double Jump', 'Charge')"
SRDepthsLower,275,baskets,"HasAny('Double Jump', 'Charge', 'Fire Breath', 'Electric Breath', 'Water Breath', 'Ice Breath')"
SRDepthsLower,120,headbash chests,Has('Double Jump')
SRDepthsLower,75,critters,"HasAny('Fire Breath', 'Electric Breath', 'Charge')"
SRDepthsLower,321,on the ground,True_()
SRDepthsLower,175,metal chests,"HasAny('Double Jump', 'Charge', 'Electric Breath')"
SRToxicSwim1,300,dark shards,"HasAny('Double Jump', 'Charge')"
SRToxicSwim1,96,on the ground,True_()
SRToxicSwim1,150,dark shards you can glide to in first room,"And(Has('Glide'), HasAny('Charge', 'Double Jump'))"
SRToxicSwim1,100,baskets,True_()
SRToxicSwim1,60,headbash chest,Has('Double Jump')
SRToxicSwim1,50,metal chests,True_()
SRToxicSwim2,55,on the ground,True_()
SRToxicSwim2,50,metal chests,True_()
SRToxicSwim2,50,dark shard,True_()
SRToxicSwim2,50,baskets,True_()
SRToxicSwim2,30,headbash chest,Has('Double Jump')
SRToxicSwimAbove,250,dark shards,True_()
SRToxicSwimAbove,100,metal chests,True_()
SRToxicSwimAbove,108,on the ground,True_()
SRToxicSwimAbove,1500,armored chests via firework atop puzzle,Has('Fire Breath')
SRToxicSwimAbove,25,basket,True_()
SRToxicSwimAbove,30,headbash chest,True_()
SRToxicRise,46,on the ground before rising statue room,True_()
SRToxicRise,25,mer-gnorc before rising statue room,"HasAny('Fire Breath', 'Electric Breath', 'Charge')"
SRToxicRise,50,dark shard before rising statue room,"HasAny('Double Jump', 'Charge')"
SRToxicRise,30,headbash chest before rising statue room,Has('Double Jump')
SRToxicRise,1500,armored chests via firework on perimeter,"HasAll('Electric Breath', 'Double Jump', 'Fire Breath')"
SRToxicRise,50,baskets,"HasAll('Electric Breath', 'Double Jump')"
SRToxicRise,50,dark shard before needing dj,"And(HasAll('Electric Breath', 'Pole Spin', 'Glide'), HasAny('Charge', 'Double Jump'))"
SRToxicRise,50,dark shard after needing dj,"HasAll('Electric Breath', 'Pole Spin', 'Glide', 'Double Jump')"
SRReturnToStart,100,mer-gnorcs,True_()
SRReturnToStart,125,orange crabs,True_()
SRReturnToStart,25,blue crab,True_()
SRReturnToStart,75,metal chests,True_()
SRReturnToStart,150,dark shards,True_()
SRReturnToStart,42,on the ground,True_()
SRReturnToStart,75,baskets,True_()
Frostbite Village,,,
FVEntry1,25,basket,"HasAny('Double Jump', 'Charge', 'Fire Breath', 'Electric Breath', 'Water Breath', 'Ice Breath')"
FVEntry1,80,headbash chest and rocks,Has('Double Jump')
FVElectricGate,50,metal chests,True_()
FVElectricGate,20,unarmored middle gnorc,True_()
FVElectricGate,50,baskets,True_()
FVElectricGate,170,eskimoles under dark gem,Has('Double Jump')
FVElectricGate,125,baskets under dark gem,Has('Double Jump')
FVElectricGate,25,eskimole under snowman by floating platform,"And(HasAll('Double Jump', 'Water Breath'), HasAny('Fire Breath', 'Charge'))"
FVElectricGate,50,metal chests after floating platform,"HasAll('Water Breath', 'Double Jump')"
FVElectricGate,80,headbash chest and rocks after floating platform,"HasAll('Water Breath', 'Double Jump')"
FVHeadingToCamp,175,metal chests,True_()
FVHeadingToCamp,20,armored huge gnorc,"And(Has('Charge'), HasAny('Fire Breath', 'Electric Breath', 'Ice Breath'))"
FVHeadingToCamp,275,baskets,True_()
FVHeadingToCamp,125,eskimoles,"HasAny('Fire Breath', 'Electric Breath', 'Charge')"
FVHeadingToCamp,20,unarmored middle gnorc,"HasAny('Fire Breath', 'Electric Breath', 'Charge')"
FVHeadingToCamp,100,dark shards,True_()
FVHeadingToCamp,40,armored middle gnorc,Has('Charge')
FVHeadingToCamp,211,in the air + on the ground by Blink,True_()
FVHeadingToCamp,255,headbash chest + rocks,True_()
FVHeadingToCamp,3837,Blink minigames,True_()
FVHeadingToCamp,80,armored huge gnorc,"And(Has('Charge'), HasAny('Fire Breath', 'Electric Breath', 'Ice Breath'))"
FVIcyCamp,50,headbash rock,Has('Double Jump')
FVIcyCamp,35,eskimoles on ice,"HasAny('Fire Breath', 'Electric Breath', 'Charge')"
FVIcyCamp,50,2 baskets on ice,"HasAny('Charge', 'Fire Breath', 'Electric Breath', 'Water Breath', 'Ice Breath')"
FVIcyCamp,50,eskimoles,"HasAny('Fire Breath', 'Electric Breath', 'Charge')"
FVIcyCamp,25,metal chest via wall kick,"And(Has('Wall Kick'), HasAny('Double Jump', 'Charge', 'Electric Breath'))"
FVIcyCamp,175,baskets via wall kick,"And(Has('Wall Kick'), HasAny('Double Jump', 'Charge', 'Fire Breath', 'Electric Breath', 'Water Breath', 'Ice Breath'))"
FVIcyCamp,20,unarmored middle gnorc via wall kick,"And(Has('Wall Kick'), HasAny('Fire Breath', 'Electric Breath', 'Charge'))"
FVIcyCamp,20,armored huge gnorc via wall kick,"And(HasAll('Charge', 'Wall Kick'), HasAny('Fire Breath', 'Electric Breath', 'Ice Breath'))"
FVIcyCampUpper,11,on ground before chargeable wall + in platform room,True_()
FVIcyCampUpper,11,on ground behind chargeable wall,Has('Charge')
FVIcyCampUpper,30,headbash rock behind chargeable wall,Has('Charge')
FVIcyCampUpper,100,dark shards on ice (can't DJ),Has('Charge')
FVIcyCampUpper,185,on the ground + in air in platform room,True_()
FVIcyCampUpper,150,headbash chests + rock,True_()
FVIcyCampUpper,150,baskets,True_()
FVIcyCampUpper,75,metal chests,True_()
FVIcyCampUpper,50,eskimole on platforms,"HasAny('Fire Breath', 'Electric Breath', 'Charge')"
FVReturnFromIC,4500,armored chests via supercharge,True_()
FVEntry2,15,on the ground,True_()
FVEntry2,100,eskimoles,"HasAny('Fire Breath', 'Electric Breath', 'Charge')"
FVEntry2,100,metal chests,"HasAny('Double Jump', 'Charge', 'Electric Breath')"
FVEntry2,50,headbash rocks,Has('Double Jump')
FVEntry2,150,dark shards,"HasAny('Double Jump', 'Charge')"
FVEntry2,25,eskimole via wall kick,"And(Has('Wall Kick'), HasAny('Fire Breath', 'Electric Breath', 'Charge'))"
FVEntry2,50,dark shard via wall kick,"And(Has('Wall Kick'), HasAny('Double Jump', 'Charge'))"
FVEntry2,25,metal chest via wall kick,"And(Has('Wall Kick'), HasAny('Double Jump', 'Charge', 'Electric Breath'))"
FVEast,1000,armored chests via cannon,True_()
FVEast,6,on the ground,True_()
FVEast,50,baskets,True_()
FVEast,50,metal chests,True_()
FVEast,20,armored huge gnorc,"And(Has('Charge'), HasAny('Fire Breath', 'Electric Breath', 'Ice Breath'))"
FVEast,50,eskimoles,"HasAny('Fire Breath', 'Electric Breath', 'Charge')"
FVEast,20,unarmored huge gnorc via poles,"And(Has('Pole Spin'), Or(HasAny('Fire Breath', 'Electric Breath'), HasAll('Ice Breath', 'Charge')))"
FVEast,60,headbash chest and rocks,True_()
FVEast,20,armored huge gnorc via poles,"And(HasAll('Charge', 'Pole Spin'), HasAny('Fire Breath', 'Electric Breath', 'Ice Breath'))"
FVLGDoorEntry,20,unarmored huge gnorc,"Or(HasAny('Fire Breath', 'Electric Breath'), HasAll('Ice Breath', 'Charge'))"
FVLGDoorEntry,20,unarmored middle gnorc,"HasAny('Fire Breath', 'Electric Breath', 'Charge')"
FVLGDoorEntry,50,metal chests,"HasAny('Double Jump', 'Charge', 'Electric Breath')"
FVLGDoorEntry,60,headbash chest,Has('Double Jump')
FVLGDoorDJ,20,armored huge gnorc,"And(Has('Charge'), HasAny('Fire Breath', 'Electric Breath', 'Ice Breath'))"
FVLGDoorDJ,50,metal chests,True_()
FVLGDoorDJ,20,armored middle gnorc via poles,"HasAll('Pole Spin', 'Charge')"
FVLGDoorDJ,50,eskimoles via poles,"And(Has('Pole Spin'), HasAny('Fire Breath', 'Electric Breath', 'Charge'))"
FVLGDoorDJ,100,baskets via poles,Has('Pole Spin')
FVLGDoorDJ,30,headbash chest via poles,Has('Pole Spin')
FVLGDoorGlide,75,eskimoles,"HasAny('Fire Breath', 'Electric Breath', 'Charge')"
FVLGDoorGlide,75,baskets,True_()
FVLGDoorGlide,60,headbash chest,Has('Double Jump')
FVLGDoorGlide,50,baskets behind water gate,Has('Water Breath')
FVLGDoorGlide,60,headbash chests behind water gate,Has('Water Breath')
FVLGDoorGlide,50,metal chests behind water gate,Has('Water Breath')
FVLGDoorGlide,225,underwater icy vases,"And(InvincibilityGadget(), HasAll('Swim', 'Charge'))"
Gloomy Glacier,,,
GGEntry,110,on the ground,True_() 
GGEntry,156,yeti,True_()
GGEntry,400,baskets,True_()
GGEntry,500,metal chests,True_()
GGEntry,400,frozen gem blocks,True_()
GGEntry,60,headbash chests,True_()
GGEntry,100,dark shards,True_()
GGEntry,1000,armored chests via exploding arrows,True_()
GGEntry,450,skeletons,True_()
GGEntry,50,eskimoles,True_()
GGEntry,2218,sparx minigames,True_()
GGEntry,200,steel traps,True_()
Ice Citadel,,,
ICCourtyardLower,293,on the ground,True_()
ICCourtyardLower,200,steel traps,"Or(Has('Electric Breath'), HasAll('Ice Breath', 'Charge'))"
ICCourtyardLower,200,baskets,"HasAny('Double Jump', 'Charge', 'Fire Breath', 'Electric Breath', 'Water Breath', 'Ice Breath')"
ICCourtyardLower,130,headbash chest + rocks,Has('Double Jump')
ICCourtyardLower,140,unarmored middle gnorc,"HasAny('Fire Breath', 'Electric Breath', 'Charge')"
ICCourtyardLower,50,metal chest,"HasAny('Double Jump', 'Charge', 'Electric Breath')"
ICCourtyardLower,80,armored middle gnorc,Has('Charge')
ICCourtyardLower,100,dark shards,"HasAny('Double Jump', 'Charge')"
ICCourtyardLower,75,metal chests you can't DJ,"HasAny('Charge', 'Electric Breath')"
ICCourtyardLower,125,baskets you can't DJ,"HasAny('Charge', 'Fire Breath', 'Electric Breath', 'Water Breath', 'Ice Breath')"
ICCourtyardLower,25,firework basket,Has('Fire Breath')
ICCourtyardLower,20,armored huge gnorc,"And(Has('Charge'), HasAny('Fire Breath', 'Electric Breath', 'Ice Breath'))"
ICCourtyardUpper,20,archer gnorc,"HasAny('Fire Breath', 'Electric Breath', 'Charge')"
ICCourtyardUpper,20,unarmored middle gnorc,"HasAny('Fire Breath', 'Electric Breath', 'Charge')"
ICCourtyardUpper,75,baskets,True_()
ICCourtyardUpper,100,dark shards,True_()
ICCourtyardUpper,1500,armored chests below via firework,Has('Fire Breath')
ICPastWaterGate,400,steel traps,"Or(Has('Electric Breath'), HasAll('Ice Breath', 'Charge'))"
ICPastWaterGate,19,yeti,"HasAny('Fire Breath', 'Electric Breath', 'Charge')"
ICPastWaterGate,200,baskets,True_()
ICPastWaterGate,50,metal chests,True_()
ICPastWaterGate,130,headbash chest and rocks,True_()
ICPastWaterGate,45,on the ground,True_()
ICPastWaterGate,50,dark shard,True_()
ICPastWaterGate,20,armored huge gnorc,"And(Has('Charge'), HasAny('Fire Breath', 'Electric Breath', 'Ice Breath'))"
ICPastWaterGate,40,armored middle gnorc,Has('Charge')
ICPastWaterGate,20,unarmored middle gnorc,"HasAny('Fire Breath', 'Electric Breath', 'Charge')"
ICPastWaterGate,25,headbash rocks behind chargeable wall,Has('Charge')
ICElderRoom,28,on the ground,True_()
ICElderRoom,100,baskets,True_()
ICElderRoom,30,headbash chest,True_()
ICElderRoom,50,metal chest,True_()
ICSuperchargeShop,130,on the ground,True_()
ICSuperchargeShop,300,baskets,"HasAny('Double Jump', 'Charge', 'Fire Breath', 'Electric Breath', 'Water Breath', 'Ice Breath')"
ICSuperchargeShop,200,headbash chest and rocks,Has('Double Jump')
ICSuperchargeShop,300,dark shards,"HasAny('Double Jump', 'Charge')"
ICSuperchargeShop,25,ice monster,"Or(HasAny('Fire Breath', 'Electric Breath'), SuperchargeGadget())"
ICSuperchargeShop,40,archer gnorcs,"HasAny('Fire Breath', 'Electric Breath', 'Charge')"
ICSuperchargeShop,125,metal chests,"HasAny('Double Jump', 'Charge', 'Electric Breath')"
ICSuperchargeShop,40,armored huge gnorc,"And(Has('Charge'), HasAny('Fire Breath', 'Electric Breath', 'Ice Breath'))"
ICSuperchargeShop,50,firework baskets,Has('Fire Breath')
ICSuperchargeShop,100,steel traps,"Or(Has('Electric Breath'), HasAll('Ice Breath', 'Charge'))"
ICSuperchargeShop,100,unarmored middle gnorcs,"HasAny('Fire Breath', 'Electric Breath', 'Charge')"
ICSuperchargeShop,1630,Byrd minigames,True_()
ICUseSupercharge,1500,armored chests via supercharge,True_()
ICUseSupercharge,50,baskets behind supercharge door by byrd,True_()
ICUseSupercharge,100,dark shards behind supercharge door by byrd,True_()
ICUseSupercharge,75,metal chests behind supercharge door by byrd,True_()
ICUseSupercharge,390,floating in acid tunnel before double jump,True_()
ICUseSupercharge,260,floating in acid tunnel after double jump,Has('Double Jump')
ICUseSupercharge,20,unarmored huge gnorc,"HasAny('Fire Breath', 'Electric Breath', 'Ice Breath')"
ICUseSupercharge,75,baskets,True_()
ICUseSupercharge,25,metal chest,True_()
ICRoyal,87,on the ground,True_()
ICRoyal,175,baskets,"HasAny('Double Jump', 'Charge', 'Fire Breath', 'Electric Breath', 'Water Breath', 'Ice Breath')"
ICRoyal,200,dark shards,"HasAny('Double Jump', 'Charge')"
ICRoyal,25,metal chests,"HasAny('Double Jump', 'Charge', 'Electric Breath')"
ICRoyal,30,headbash chest,Has('Double Jump')
ICRoyal,20,armored huge gnorc,"And(Has('Charge'), HasAny('Fire Breath', 'Electric Breath', 'Ice Breath'))"
ICRoyal,32,yeti,"HasAny('Fire Breath', 'Electric Breath', 'Charge')"
ICRoyal,75,steel traps,"Or(Has('Electric Breath'), HasAll('Ice Breath', 'Charge'))"
ICRoyalBack,40,archer gnorc,True_()
ICRoyalBack,20,unarmored middle gnorc,True_()
ICRoyalBack,20,armored huge gnorc,Has('Charge')
ICRoyalCannon,5000,armored chests via cannon,True_()
ICRoyalCannon,50,steel traps,"Or(Has('Electric Breath'), HasAll('Ice Breath', 'Charge'))"
ICRoyalCannon,20,armored huge gnorc,"And(Has('Charge'), HasAny('Fire Breath', 'Electric Breath', 'Ice Breath'))"
ICRoyalCannon,80,unarmored middle gnorc,"HasAny('Fire Breath', 'Electric Breath', 'Charge')"
ICRoyalCannon,100,baskets,True_()
ICRoyalCannon,50,dark shard,True_()
ICRoyalToCourtyard,100,basket,True_()
ICRoyalToCourtyard,20,armored huge gnorc,Has('Charge')
ICRoyalToCourtyard,20,unarmored middle gnorc,True_()
ICRoyalToCourtyard,60,armored middle gnorcs,Has('Charge')
ICRoyalToCourtyard,46,on the ground,True_()
ICRoyalToCourtyard,100,dark shards,True_()
ICRoyalToCourtyard,50,metal chests,True_()
Stormy Beach,,,
SBEntryLower,100,underwater vases by realm teleporter,"HasAll('Swim', 'Charge')"
SBEntryLower,263,on the ground,True_()
SBEntryLower,300,metal chests,"HasAny('Double Jump', 'Charge', 'Electric Breath')"
SBEntryLower,350,baskets,"HasAny('Double Jump', 'Charge', 'Fire Breath', 'Electric Breath', 'Water Breath', 'Ice Breath')"
SBEntryLower,30,headbash chest,Has('Double Jump')
SBEntryLower,350,dark shards,"HasAny('Double Jump', 'Charge')"
SBEntryLower,375,steel traps,"Or(Has('Electric Breath'), HasAll('Ice Breath', 'Charge'))"
SBEntryLower,140,unarmored middle gnorc,"HasAny('Fire Breath', 'Electric Breath', 'Charge')"
SBEntryLower,80,armored middle gnorc,Has('Charge')
SBEntryLower,60,armored huge gnorc,"And(Has('Charge'), HasAny('Fire Breath', 'Electric Breath', 'Ice Breath'))"
SBEntryLower,1000,armored chests via west cove firework,Has('Fire Breath')
SBShop,1500,armored chests via firework on ground,Has('Fire Breath')
SBEntryUpper,259,on the ground,True_()
SBEntryUpper,325,baskets,True_()
SBEntryUpper,650,dark shards,True_()
SBEntryUpper,20,armored huge gnorc,"And(Has('Charge'), HasAny('Fire Breath', 'Electric Breath', 'Ice Breath'))"
SBEntryUpper,180,headbash chest,True_()
SBEntryUpper,1000,armored chests via firework in cave,Has('Fire Breath')
SBEntryUpper,20,archer gnorcs,"HasAny('Fire Breath', 'Electric Breath', 'Charge')"
SBEntryUpper,20,unarmored middle gnorc,"HasAny('Fire Breath', 'Electric Breath', 'Charge')"
SBEntryUpper,20,armored middle gnorc,Has('Charge')
SBCaveUpper,40,archer gnorcs,"HasAny('Fire Breath', 'Electric Breath', 'Charge')"
SBCaveUpper,60,headbash chests behind water gate,True_()
Molten Mount,,,
MMEntryUpper,500,armored chests via firework on stump,Has('Fire Breath')
MMEntryUpper,50,steel traps,"Or(Has('Electric Breath'), HasAll('Ice Breath', 'Charge'))"
MMEntryUpper,50,dark shard,True_()
MMEntryUpper,1500,armored chests via supercharge,SuperchargeGadget()
MMEntryUpper,50,baskets,True_()
MMEntryUpper,25,metal chest,True_()
MMEntryUpper,447,on the ground,True_()
MMEntryLower,131,on the ground,True_()
MMEntryLower,50,phoenixes,"HasAny('Water Breath', 'Ice Breath')"
MMEntryLower,25,firework basket,Has('Fire Breath')
MMEntryLower,50,fire imps,"HasAny('Water Breath', 'Ice Breath')"
MMEntryLower,30,headbash rock,True_()
MMVillage,610,on the ground,True_()
MMVillage,25,baskets,"HasAny('Double Jump', 'Charge', 'Fire Breath', 'Electric Breath', 'Water Breath', 'Ice Breath')"
MMVillage,150,metal chests,"HasAny('Double Jump', 'Charge', 'Electric Breath')"
MMVillage,100,dark shards,"HasAny('Double Jump', 'Charge')"
MMVillage,400,rock monsters,Has('Charge')
MMVillage,30,headbash chest,Has('Double Jump')
MMVillageImps,225,fire imps,True_()
MMVillageImps,886,Byrd minigames,True_()
MMPostVillage,100,fire imps,True_()
MMPostVillage,40,armored huge gnorc,"And(Has('Charge'), HasAny('Fire Breath', 'Electric Breath', 'Ice Breath'))"
MMPostVillage,153,on the ground,True_()
MMPostVillage,20,unarmored huge gnorc,"Or(HasAny('Fire Breath', 'Electric Breath'), HasAll('Ice Breath', 'Charge'))"
MMPostVillage,20,unarmored middle gnorc,"HasAny('Fire Breath', 'Electric Breath', 'Charge')"
MMPostVillage,50,metal chests,"HasAny('Double Jump', 'Charge', 'Electric Breath')"
MMPostVillage,25,headbash rocks,Has('Double Jump')
MMAfterPoles,25,headbash rocks under unarmored huge gnorc,"Or(HasAny('Fire Breath', 'Electric Breath'), HasAll('Ice Breath', 'Charge'))"
MMAfterPoles,130,on the ground,True_()
MMAfterPoles,55,headbash chest and rocks,True_()
MMAfterPoles,50,baskets,True_()
MMBridgeEntry,75,phoenixes,True_()
MMBridgeEntry,55,headbash rocks,True_()
MMBridge,50,metal chests,"HasAny('Double Jump', 'Charge', 'Electric Breath')"
MMBridge,50,baskets,"HasAny('Double Jump', 'Charge', 'Fire Breath', 'Electric Breath', 'Water Breath', 'Ice Breath')"
MMBridge,1500,armored chests across bridge via cannon,True_()
MMBridge,60,unarmored middle gnorc,"HasAny('Fire Breath', 'Electric Breath', 'Charge')"
MMBridge,20,armored middle gnorc,Has('Charge')
MMBridgePoles,100,baskets,True_()
MMBridgePoles,60,headbash rock,True_()
MMBridgePoles,75,phoenixes,"HasAny('Water Breath', 'Ice Breath')"
MMBridgePoles,225,fire imps,"HasAny('Water Breath', 'Ice Breath')"
MMPostBridge,75,fire imps,True_()
MMPostBridge,40,armored huge gnorc,"And(Has('Charge'), HasAny('Fire Breath', 'Electric Breath', 'Ice Breath'))"
MMPostBridge,30,headbash rock,True_()
MMLumberEntry,20,unarmored middle gnorc,"HasAny('Fire Breath', 'Electric Breath', 'Charge')"
MMLumberEntry,54,headbash rock,True_()
MMLumberEntry,50,dark shard,True_()
MMLumberEntry,25,first phoenix in puzzle area,"HasAny('Water Breath', 'Ice Breath')"
MMLumberEntry,50,metal chests,True_()
MMNorth,25,phoenix,True_()
MMNorth,50,fire imps,True_()
MMNorth,620,on the ground after glide from light gem,True_()
MMNorth,100,metal chests after glide from light gem,True_()
MMNorth,30,headbash chest after glide from light gem,True_()
MMLumber,20,unarmored middle gnorc,"HasAny('Fire Breath', 'Electric Breath', 'Charge')"
MMLumber,60,armored middle gnorc,Has('Charge')
MMLumber,60,headbash chest and rock,Has('Double Jump')
MMLumber,50,baskets,"HasAny('Double Jump', 'Charge', 'Fire Breath', 'Electric Breath', 'Water Breath', 'Ice Breath')"
MMLumber,25,metal chest,"HasAny('Double Jump', 'Charge', 'Electric Breath')"
MMPostLumber,25,baskets,True_()
MMPostLumber,225,baskets,True_()
MMPostLumber,325,fire imps,"HasAny('Water Breath', 'Ice Breath')"
MMPostLumber,28,on the ground,True_()
MMPostLumber,180,headbash chest and rocks,True_()
MMPostLumber,140,unarmored middle gnorc,"HasAny('Fire Breath', 'Electric Breath', 'Charge')"
MMPostLumber,150,dark shards,True_()
MMPostLumber,50,metal chests,True_()
MMPostLumber,100,metal chests behind chargeable walls,Has('Charge')
MMPostLumber,120,headbash chests behind chargeable walls,Has('Charge')
MMPostLumber,620,on the ground behind chargeable walls,Has('Charge')
MMPostLumber,50,baskets behind chargeable walls,Has('Charge')
MMNorthEast,50,fire imp,True_()
MMNorthEast,243,on the ground,True_()
MMNorthEast,100,baskets,True_()
MMNorthEast,30,headbash chest,True_()
Magma Falls,,,
MFtEntry,90,headbash chests,Has('Double Jump')
MFtEntry,25,metal chest behind chargeable wall,Has('Charge')
MFtEntry,20,unarmored middle gnorc,"HasAny('Fire Breath', 'Electric Breath', 'Charge')"
MFtEntry,50,metal chests,"HasAny('Double Jump', 'Charge', 'Electric Breath')"
MFtEntry,25,firework basket,Has('Fire Breath')
MFtEntry,25,firework basket behind chargeable wall,"HasAll('Charge', 'Fire Breath')"
MFtEntry,100,rock monster,Has('Charge')
MFtCenter,100,fire imps,True_()
MFtSouth,50,baskets by locked chest above center,Has('Double Jump')
MFtSouth,20,armored huge gnorc behind chargeable wall,"And(Has('Charge'), HasAny('Fire Breath', 'Electric Breath', 'Ice Breath'))"
MFtSouth,50,metal chests behind chargeable wall,Has('Charge')
MFtWallKickLower,50,fire imps,True_()
MFtWallKickLower,155,on the ground,True_()
MFtWallKickLower,25,metal chest behind chargeable wall,Has('Charge')
MFtWallKickUpper,75,baskets above wall kick,True_()
MFtWallKickUpper,75,imps above wall kick,True_()
MFtWallKickUpper,50,phoenixes above wall kick,True_()
MFtWallKickUpper,500,armored chest via firework,Has('Fire Breath')
MFtBallGadgetEntry,40,armored huge gnorcs,"And(Has('Charge'), HasAny('Fire Breath', 'Electric Breath', 'Ice Breath'))"
MFtBallGadgetEntry,75,metal chests,"HasAny('Double Jump', 'Charge', 'Electric Breath')"
MFBallGadget,447,ball gadget path,True_()
MFbEntry,25,metal chest next to ball gadget,"HasAny('Double Jump', 'Charge', 'Electric Breath')"
MFbEntry,50,fire imps (don't need DJ),"HasAny('Water Breath', 'Ice Breath')"
MFbEntry,20,armored middle gnorc,Has('Charge')
MFbEntry,100,dark shards,"HasAny('Double Jump', 'Charge')"
MFbEntry,150,dark shards above wall kick,"And(Has('Wall Kick'), HasAny('Double Jump', 'Charge'))"
MFbEntry,50,baskets above wall kick,"And(Has('Wall Kick'), HasAny('Double Jump', 'Charge', 'Fire Breath', 'Electric Breath', 'Water Breath', 'Ice Breath'))"
MFbEntry,25,metal chest above wall kick,"And(Has('Wall Kick'), HasAny('Double Jump', 'Charge', 'Electric Breath'))"
MFbSouthEast,50,phoenixes,True_()
MFbSouthEast,100,dark shards,True_()
MFbBeforeImpRoom,75,baskets,True_()
MFbBeforeImpRoom,40,armored middle gnorcs,Has('Charge')
MFbBeforeImpRoom,25,metal chest behind chargeable wall,Has('Charge')
MFbBeforeImpRoom,20,unarmored middle gnorc,"HasAny('Fire Breath', 'Electric Breath', 'Charge')"
MFbBeforeImpRoom,20,armored huge gnorc,"And(Has('Charge'), HasAny('Fire Breath', 'Electric Breath', 'Ice Breath'))"
MFbImpRoom,150,fire imps 1-6,"HasAny('Water Breath', 'Ice Breath')"
MFbImpRoom,25,fire imp 7,"And(Has('Double Jump'), HasAny('Water Breath', 'Ice Breath'))"
MFbImpRoom,25,fire imp 8,"And(HasAll('Double Jump', 'Glide'), HasAny('Water Breath', 'Ice Breath'))"
MFbSparxShop,40,unarmored middle gnorc,"HasAny('Fire Breath', 'Electric Breath', 'Charge')"
MFbSparxShop,201,on the ground,True_()
MFbSparxShop,50,baskets,"HasAny('Double Jump', 'Charge', 'Fire Breath', 'Electric Breath', 'Water Breath', 'Ice Breath')"
MFbSparxShop,2392,Sparx minigames,True_()
MFbSparxShop,20,armored huge gnorc,"And(Has('Charge'), HasAny('Fire Breath', 'Electric Breath', 'Ice Breath'))"
MFbSparxShop,20,armored middle gnorc in thief area,"HasAll('Double Jump', 'Charge')"
MFbSparxShop,291,on the ground in thief area,"HasAll('Double Jump', 'Charge')"
Dark Mine,,,
DMEntry,250,dark shards,"HasAny('Double Jump', 'Charge')"
DMEntry,275,baskets,"HasAny('Double Jump', 'Charge', 'Fire Breath', 'Electric Breath', 'Water Breath', 'Ice Breath')"
DMEntry,115,headbash chest,Has('Double Jump')
DMEntry,75,critters,"HasAny('Fire Breath', 'Electric Breath', 'Charge')"
DMEntry,60,drill robots,"HasAny('Electric Breath', 'Charge')"
DMEntry,50,spike robots,"Or(Has('Electric Breath'), HasAll('Ice Breath', 'Charge'))"
DMEntry,100,metal chests,"HasAny('Double Jump', 'Charge', 'Electric Breath')"
DMEntry,25,metal chest behind chargeable wall,Has('Charge')
DMEntry,75,basket behind chargeable wall,Has('Charge')
DMEntry,100,steel traps,"Or(Has('Electric Breath'), HasAll('Ice Breath', 'Charge'))"
DMLGDoor,100,baskets,"HasAny('Double Jump', 'Charge', 'Fire Breath', 'Electric Breath', 'Water Breath', 'Ice Breath')"
DMLGDoor,100,metal chests,"HasAny('Double Jump', 'Charge', 'Electric Breath')"
DMLGDoor,60,huge robo-gnorc,"Or(Has('Electric Breath'), HasAll('Ice Breath', 'Charge'))"
DMLGDoor,150,dark shards,"HasAny('Double Jump', 'Charge')"
DMLGDoor,125,critters,"HasAny('Fire Breath', 'Electric Breath', 'Charge')"
DMLGDoor,60,headbash chest,Has('Double Jump')
DMLGDoor,50,steel traps,"Or(Has('Electric Breath'), HasAll('Ice Breath', 'Charge'))"
DMLGDoor,350,underwater toxic metal chests and dark shards,"And(HasAll('Swim', 'Charge'), InvincibilityGadget())"
DMAfterRocks,200,dark shards,True_()
DMAfterRocks,225,baskets,True_()
DMAfterRocks,1500,armored chests via firework,Has('Fire Breath')
DMAfterRocks,30,headbash chest,True_()
DMAfterRocks,20,huge robo-gnorc,"HasAny('Electric Breath', 'Ice Breath')"
DMAfterRocks,20,small robo-gnorc,True_()
DMAfterRocks,20,small robo-gnorc above wall kick,Has('Wall Kick')
DMAfterRocks,75,metal chests,True_()
DMAfterRocks,50,dark shard by light gem,"HasAll('Wall Kick', 'Glide')"
DMCaged,75,turret robots,True_()
DMCaged,75,baskets,True_()
DMCaged,50,metal chest,True_()
DMCaged,100,dark shards,True_()
DMCaged,60,headbash chest,True_()
DMAfterCaged,250,basket,True_()
DMAfterCaged,100,dark shard,True_()
DMAfterCaged,100,metal chest,True_()
DMAfterCaged,90,headbash chest,True_()
DMAfterCaged,12220,Blink minigames,True_()
DMAfterCaged,40,armored middle robo-gnorc,"And(Has('Charge'), HasAny('Electric Breath', 'Ice Breath'))"
DMAfterCaged,175,steel traps,"Or(Has('Electric Breath'), HasAll('Ice Breath', 'Charge'))"
DMAfterCaged,20,huge robo-gnorc,"Or(Has('Electric Breath'), HasAll('Ice Breath', 'Charge'))"
DMBeforeIcePoles,75,baskets,True_()
DMBeforeIcePoles,30,headbash chest,True_()
DMBeforeIcePoles,1500,armored chests via firework after ice poles,"HasAll('Glide', 'Ice Breath', 'Pole Spin')"
DMSeeSaw,100,baskets at ledge (50 below 50 above),True_()
DMSeeSaw,40,small robo-gnorc,"HasAny('Electric Breath', 'Charge')"
DMSeeSaw,20,drill robots,"HasAny('Electric Breath', 'Charge')"
DMSeeSaw,50,roller robot,"Or(Has('Electric Breath'), HasAll('Ice Breath', 'Charge'))"
DMSeeSaw,40,armored middle robo-gnorc,"And(Has('Charge'), HasAny('Electric Breath', 'Ice Breath'))"
DMSeeSaw,60,huge robo-gnorc,"Or(Has('Electric Breath'), HasAll('Ice Breath', 'Charge'))"
DMSeeSaw,150,critters,"HasAny('Fire Breath', 'Electric Breath', 'Charge')"
DMSeeSaw,75,steel traps,"Or(Has('Electric Breath'), HasAll('Ice Breath', 'Charge'))"
DMSeeSaw,50,baskets,True_()
DMSeeSaw,100,dark shards,True_()
DMSeeSaw,25,metal chest,True_()
DMSeeSaw,25,metal chest via wall kick,Has('Wall Kick')
DMGreenPoles,20,drill robot,"HasAny('Electric Breath', 'Charge')"
DMGreenPoles,40,huge robo-gnorc,"Or(Has('Electric Breath'), HasAll('Ice Breath', 'Charge'))"
DMGreenPoles,100,steel traps,"Or(Has('Electric Breath'), HasAll('Ice Breath', 'Charge'))"
DMGreenPoles,16,on the ground,True_()
Red's Laboratory,,,
RLEntry,225,metal chests,True_()
RLEntry,475,baskets,True_()
RLEntry,150,headbash chests,True_()
RLEntry,18,on the ground,True_()
RLEntry,40,small robo-gnorc,True_()
RLEntry,40,huge robo-gnorc,True_()
RLEntry,80,armored middle robo-gnorc,Has('Charge')
RLEntry,30,headbash chest above charge switches,Has('Charge')
RLEntry,25,metal chest above charge switches,Has('Charge')
RLCenter,20,armored middle robo-gnorc in SE entry,"And(Has('Charge'), HasAny('Electric Breath', 'Ice Breath'))"
RLCenter,30,headbash chest in SE entry,Has('Double Jump')
RLCenter,20,huge robo-gnorc in SW entry,"Or(Has('Electric Breath'), HasAll('Ice Breath', 'Charge'))"
RLCenter,20,huge robo-gnorc in NW entry,"Or(Has('Electric Breath'), HasAll('Ice Breath', 'Charge'))"
RLCenter,50,baskets in NW entry,"HasAny('Double Jump', 'Charge', 'Fire Breath', 'Electric Breath', 'Water Breath', 'Ice Breath')"
RLCenter,30,headbash chest in NW entry,Has('Double Jump')
RLCenter,20,huge robo-gnorc in NE entry,"Or(Has('Electric Breath'), HasAll('Ice Breath', 'Charge'))"
RLSouthWest,40,small robo-gnorcs,"HasAny('Electric Breath', 'Charge')"
RLSouthWest,60,armored middle robo-gnorc,"And(Has('Charge'), HasAny('Electric Breath', 'Ice Breath'))"
RLSouthWest,20,huge robo-gnorc,"Or(Has('Electric Breath'), HasAll('Ice Breath', 'Charge'))"
RLNorthEast1,40,small robo-gnorcs,True_()
RLNorthEast1,20,huge robo-gnorc,True_()
RLNorthEast1,25,basket,True_()
RLNorthEast1,20,armored middle robo-gnorc above electric platform,Has('Charge')
RLNorthEast1,75,baskets above electric platform,Has('Electric Breath')
RLNorthEast1,20,huge robo-gnorc above electric platform,Has('Electric Breath')
RLNorthEast1,60,headbash chest above electric platform,"HasAll('Electric Breath', 'Double Jump')"
RLNorthEast2,100,armored middle robo-gnorc,Has('Charge')
RLNorthEast2,40,huge robo-gnorc,True_()
RLNorthEast2Above,50,metal chests,True_()
RLNorthEast2Above,75,baskets,True_()
RLNorthEast2Above,30,headbash chest,True_()
RLNorthEast3,40,small robo-gnorcs,"HasAny('Electric Breath', 'Charge')"
RLNorthEast4,60,small robo-gnorc,"HasAny('Electric Breath', 'Charge')"
RLNorthEast4,40,huge robo-gnorcs,"Or(Has('Electric Breath'), HasAll('Ice Breath', 'Charge'))"
RLNorthWest1,40,small robo-gnorcs,True_()
RLNorthWest1,40,huge robo-gnorcs,True_()
RLNorthWest1,50,baskets,True_()
RLNorthWest1,30,headbash chest,Has('Double Jump')
RLNorthWest1,25,small robo-gnorc on piston needing DJ,Has('Double Jump')
RLNorthWest2,40,small robo-gnorcs,"HasAny('Electric Breath', 'Charge')"
RLNorthWest2,60,headbash chest,Has('Double Jump')
RLNorthWest2,300,baskets,"HasAny('Double Jump', 'Charge', 'Fire Breath', 'Electric Breath', 'Water Breath', 'Ice Breath')"
RLNorthWest2,80,armored middle robo-gnorcs,"And(Has('Charge'), HasAny('Electric Breath', 'Ice Breath'))"
RLNorthWest2,50,metal chests with laser parkour,Has('Double Jump')
RLNorthWest2,60,headbash chest with laser parkour,Has('Double Jump')
RLNorthWest2,175,baskets with laser parkour,Has('Double Jump')
RLNorthWest2,30,headbash chest after pole spin glide,"HasAll('Double Jump', 'Glide', 'Pole Spin')"
RLNorthWest2,40,small robo-gnorcs that spawn after dark gem,"And(HasAll('Double Jump', 'Glide', 'Pole Spin'), HasAny('Electric Breath', 'Charge'))"
RLSouthEast1,20,armored middle robo-gnorc,"HasAny('Electric Breath', 'Ice Breath')"
RLSouthEast1,20,small robo-gnorc,True_()
RLSouthEast1,75,baskets,True_()
RLSouthEast1,75,baskets behind lasers,Has('Double Jump')
RLSouthEast1,30,headbash chest,Has('Double Jump')
RLSouthEast2,75,metal chests up high,True_()
RLSouthEast2,20,armored middle robo-gnorc up high,Has('Charge')
RLSouthEast2,40,huge robo-gnorcs up high,True_()
RLSouthEast3,40,armored middle robo-gnorc,"And(Has('Charge'), HasAny('Electric Breath', 'Ice Breath'))"
RLSouthEast3,60,small robo-gnorcs,"HasAny('Electric Breath', 'Charge')"
RLSouthEast3,30,headbash chest,Has('Double Jump')
RLSouthEast3,75,baskets,"HasAny('Double Jump', 'Charge', 'Fire Breath', 'Electric Breath', 'Water Breath', 'Ice Breath')"
RLSouthEast3,50,metal chests,"HasAny('Double Jump', 'Charge', 'Electric Breath')"
RLSouthEast3,20,huge robo-gnorc,"Or(Has('Electric Breath'), HasAll('Ice Breath', 'Charge'))"
RLSouthEast3,50,metal chests above boiler,"And(Has('Fire Breath'), HasAny('Double Jump', 'Charge', 'Electric Breath'))"
RLSouthEast3,20,small robo-gnorc above egg,"And(HasAll('Fire Breath', 'Double Jump', 'Glide', 'Pole Spin'), HasAny('Electric Breath', 'Charge'))"
